PRICE,TITLE,LOCATION,DETAILS,FEATURES,DESCRIPTIONS,IMAGE
239 000 TND,Vente d'un bel appartement à Sfax Ville REF C29,Sfax Ville,"['125 m²', '3 Pièces', '2 Chambres', '1 Salle de bain']","['Terrasse', 'Garage', 'Ascenseur', 'Concierge', 'Antenne parabolique', 'Climatisation', 'Chauffage central', 'Sécurité', 'Double vitrage', 'Porte blindée', 'Cuisine équipée']",Un bel appartement a saisir composé de S2 avec  balcon avec une superficie totale de 125 m²,
442 000 TND,S3 Direct promoteur Sfax,"Route Teniour, Sfax Ville","['138 m²', '3 Chambres', '2 Salles de bains']","['Jardin', 'Terrasse', 'Garage', 'Ascenseur', 'Piscine', 'Concierge', 'Salon européen', 'Antenne parabolique', 'Climatisation', 'Chauffage central', 'Sécurité', 'Double vitrage', 'Porte blindée', 'Cuisine équipée', 'Four']","Résidence le Palais séduit par son design raffiné et ses lignes modernes, Route Teniour KM3 Dans une quartier très Chic et Calme
Conçue pour offrir un équilibre parfait entre esthétique.
fonctionnalité et bien-être, elle incarne une nouvelle façon d'habiter ,Sobre, élégante et durable.   
Résidence R plus 4 de 22 Appartements et 3 Duplexes et 2 penthouses avec piscine. Salle de Sport Collectif .
Les Surfaces Des S2 à partir de 87m2 les prix à par...",
280 000 TND,S2 Neuf Direct promoteur Sfax,"Route Teniour, Sfax Ville","['88 m²', '2 Chambres', '2 Salles de bains']","['Jardin', 'Terrasse', 'Garage', 'Ascenseur', 'Vue sur mer', 'Piscine', 'Concierge', 'Façade extérieure', 'Salon européen', 'Antenne parabolique', 'Climatisation', 'Chauffage central', 'Sécurité', 'Double vitrage', 'Porte blindée', 'Cuisine équipée', 'Four']","Résidence le Palais séduit par son design raffiné et ses lignes modernes, Route Teniour KM3 Dans une quartier très Chic et Calme
Conçue pour offrir un équilibre parfait entre esthétique.
fonctionnalité et bien-être, elle incarne une nouvelle façon d'habiter ,Sobre, élégante et durable.   
Résidence R plus 4 de 22 Appartements et 3 Duplexes et 2 penthouses avec piscine. Salle de Sport Collectif .
Les Surfaces Des S2 à partir de 87m2 les prix à par...",https://www.mubawab-media.com/ad/8/242/548F/h/photo_0_81307716.avif
800 000 TND,Duplexe Neuf Direct promoteur Sfax,"Route Teniour, Sfax Ville","['239 m²', '3 Chambres', '3 Salles de bains']","['Jardin', 'Terrasse', 'Garage', 'Ascenseur', 'Concierge', 'Chambre rangement', 'Salon européen', 'Antenne parabolique', 'Climatisation', 'Chauffage central', 'Sécurité', 'Porte blindée', 'Cuisine équipée', 'Four']","Vente d'une villa d'exception. Prix 800 000 TND. 3 chambres, 3 salles de bains, 239 m². Moins de 5 ans. Revêtement: Parquet. Équipé d'une antenne parabolique et d'une porte blindée. La résidence est sécurisée.

Cette superbe villa est en vente à Route Teniour. Dispose d'une terrasse, ascenseur et places de parking. Nombreux équipements dont climatisation. La résidence dispose également d'un service de conciergerie.

Contactez-nous si vous êtes in...",https://www.mubawab-media.com/ad/8/309/948F/h/gallery%20%281%29_82034299.avif
272 000 TND,S3 directe promoteur en vente,"Route sokra, Sfax Ville","['144 m²', '1 Pièce', '3 Chambres', '2 Salles de bains']","['Terrasse', 'Ascenseur', 'Chauffage central', 'Sécurité', 'Cuisine équipée', 'Four']","Cet appartement S3 directe promoteurest situé dans une résidence sécurisée à route mharza

L’entrée dépend d’une pièce de vie lumineux qui s’ouvre sur un balcon.

Une suite parentale équipée de sa propre salle de bain.

Le compartiment nuit se compose de deux chambres à coucher dont une chambre avec un dressing qui se partagent une salle de bain commune.

Un point d’eau pour invité est disponible.

La cuisine est équipée par les élément...",https://www.mubawab-media.com/ad/8/309/937F/h/gallery_82034214.avif
205 000 TND,Un étage de villa destiner pour la vente,"Route sokra, Sfax Ville","['100 m²', '1 Pièce', '2 Chambres', '1 Salle de bain']","['Jardin', 'Garage', 'Cuisine équipée', 'Four']","Cet étage S2, doté d’une entrée indépendante, est situé dans un quartier résidentiel calme.


L’entrée donne sur une pièce de vie agréable et bien éclairée.

Le coin nuit comprend deux chambres à coucher qui se partagent une salle de bain commune.

La cuisine est équipée d’éléments de rangement, d’une plaque de cuisson, hotte et d’un four électrique , d’une qui s’ouvre sur un séchoir.

Un garage ainsi qu’un jardin privatif complètent ce...",https://www.mubawab-media.com/ad/8/309/945F/h/gallery%20%283%29_82034278.avif
530 000 TND,Villa individuelle en vente,"Route Manzel Chaker, Sfax Ville","['220 m²', '1 Pièce', '3 Chambres', '2 Salles de bains']","['Jardin', 'Piscine', 'Chambre rangement', 'Chauffage central', 'Sécurité', 'Cuisine équipée', 'Four']","Cette villa S3 est situé dans un quartier chic à route manzal chaker km 6.

L’entrée dépend d’une pièce de vie volumineuse qui peut aménager un salon.

Un séjour et un point d’eau pour invité complète la partie jour.

Une cuisine généreuse peut aménager une salle à manger équipé par une plaque et un four.

Le compartiment nuit se compose d’une suite parentale ainsi que de deux chambres à coucher, dont chacune peut être aménagée avec un dr...",https://www.mubawab-media.com/ad/8/330/411F/h/WhatsApp%20Image%202026-03-31%20at%2018.09.22_82252500.avif
95 000 TND,S2 a vendre,Sfax Ville,"['74 m²', '3 Pièces', '2 Chambres', '2 Salles de bains']",['Antenne parabolique'],"Appartement S2 à vendre – Route de Mharza Situé au sein d’une résidence familiale, calme et bien sécurisée, cet appartement de typologie S2 bénéficie d’un emplacement stratégique sur la route de Mharza, à seulement 0.5 km du centre-ville, dans un quartier purement résidentiel offrant un cadre de vie paisible et agréable.

Dès l’entrée, vous découvrirez un salon lumineux grâce à ses deux fenêtres offrant une belle luminosité naturelle tout au lo...",https://www.mubawab-media.com/ad/8/330/402F/h/2ff1ef87-8338-4243-aa89-982dced36ee6_82252440.avif
95 000 TND,S2 a vendre,Sfax Ville,"['80 m²', '3 Pièces', '2 Chambres', '1 Salle de bain']","['Terrasse', 'Antenne parabolique']","Appartement S2 à vendre

Situé au sein d’une résidence familiale, calme et bien sécurisée, cet appartement de type S2 bénéficie d’un emplacement stratégique, à seulement 0.5klm du centre-ville, dans un quartier résidentiel offrant un cadre de vie paisible et agréable.

Dès l’entrée, vous découvrirez un salon lumineux, agrémenté d’un balcon offrant une belle luminosité naturelle tout au long de la journée.

La partie nuit se compose de deux...",https://www.mubawab-media.com/ad/8/330/351F/h/a89ba1e9-1c92-4712-a397-441bbcdfc4df_82252022.avif
100 000 TND,Appartement s1 à vendre,Sfax Ville,"['75 m²', '2 Pièces', '1 Chambre', '1 Salle de bain']","['Concierge', 'Antenne parabolique', 'Climatisation', 'Cuisine équipée', 'Four']","Cet appartement S1 constitue une excellente opportunité, que ce soit pour un investissement locatif ou pour une habitation adaptée à une petite famille.

Il se distingue par un agencement optimisé, comprenant un salon lumineux, une cuisine fonctionnelle ainsi qu’une chambre confortable dotée de rangements intégrés.

Idéalement situé dans un quartier recherché, à proximité de toutes les commodités et bénéficiant d’une forte demande locative, c...",https://www.mubawab-media.com/ad/8/309/926F/h/b00194aa-657b-4616-b976-c1faa7212abe_82034094.avif
255 000 TND,"A vendre, appartement s3","Route Manzel Chaker, Sfax Ville","['100 m²', '1 Pièce', '3 Chambres', '1 Salle de bain']","['Garage', 'Ascenseur', 'Concierge', 'Chauffage central', 'Sécurité', 'Cuisine équipée', 'Four']","Cet appartement S3 est situé dans une résidence sécurisée à la Route de Manzel Chaker, km 4.

L’entrée donne sur une pièce de vie généreuse et lumineuse grâce à son excellente orientation.

Le compartiment nuit se compose d’une suite parentale ainsi que de deux chambres à coucher se partageant une salle de bain commune.

La cuisine, spacieuse et fonctionnelle, s’ouvre sur un séchoir. Elle est équipée d’une plaque de cuisson, d’une hotte asp...",https://www.mubawab-media.com/ad/8/309/414F/h/cfe845d0-a9c4-4e82-b669-b66871bfe4e0_82028830.avif
155 000 TND,S2 en vente,"Route sokra, Sfax Ville","['70 m²', '1 Pièce', '2 Chambres', '1 Salle de bain']","['Ascenseur', 'Cuisine équipée', 'Four']","Cet appartement S2 est situé sur la route de Mharza km 2.


L’entrée s’ouvre sur un salon lumineux.


La partie nuit se compose de deux chambres à coucher ainsi que d’une suite parentale, qui se partagent une salle de bain commune.


La cuisine est équipée d’une plaque, d’une hotte aspirante et d’un four électrique, et elle s’ouvre sur un séchoir",https://www.mubawab-media.com/ad/8/331/583F/h/thumb_1309181_property_xlarge_82264049.avif
260 000 TND,Un étage de villa destiner pour la vente,"El Bousten, Sfax Ville","['220 m²', '1 Pièce', '4 Chambres', '2 Salles de bains']","['Jardin', 'Terrasse', 'Cuisine équipée']","Cet étage de villa indépendant de 220 m² représente une opportunité rare dans un quartier résidentiel chic et recherché, à seulement 5 minutes du centre-ville. Alliant volumes généreux, confort et luminosité.

Ce bien offre un cadre de vie agréable et parfaitement adapté aux besoins d’une famille nombreuse ou d’un investisseur averti.

Il se compose d’un vaste salon lumineux ouvrant sur une agréable terrasse, de quatre chambres spacieuses don...",https://www.mubawab-media.com/ad/8/309/943F/h/gallery_82034261.avif
1 000 000 TND,Villa Sfax,"Route matar, Sfax Ville","['1000 m²', '6 Pièces', '6 Chambres', '2 Salles de bains']","['Garage', 'Chambre rangement']",villa sfax à vendre,https://www.mubawab-media.com/ad/8/309/420F/h/gallery%20%281%29_82028993.avif
275 000 TND,Maison à vendre Route gremda km 7 مركز سحنون,"Route gremda, Sfax Ville","['331 m²', '1 Pièce', '4 Chambres', '1 Salle de bain']","['Terrasse', 'Ascenseur', 'Chauffage central', 'Sécurité', 'Cuisine équipée', 'Four']","Maison à vendre
Prix: 275000 DT
Route gremda km 7à gauche 150m de la route principale
surface terrain : 331m²
surface bâtie: 170m²
se compose de:
Hall salon séjour 3 chambres à coucher  salle de bain  cuisine spacieuse
placard  garage avec kitchenette  gaz de ville ماجل
Titre arabe
Proche de toutes commodités(mosquée, magasin aziza ,café .. )
93308309-99016977",https://www.mubawab-media.com/ad/8/309/429F/h/gallery%20%286%29_82029446.avif
230 000 TND,"A vendre, appartement s3","El Bousten, Sfax Ville","['139 m²', '1 Pièce', '3 Chambres', '2 Salles de bains']","['Terrasse', 'Garage', 'Ascenseur', 'Sécurité', 'Cuisine équipée', 'Four']","Cet appartement S3 est situé dans une résidence sécurisée à route mahdia km 1,5.

L’entrée dépend d’une pièce de vie généreuse et lumineuse grâce à son ouverture sur un balcon .

Une salle d’eau dédiée aux invités est également disponible

Le compartiment nuit se compose de trois chambres à coucher se partagent une salle de bain commune.

Une cuisine généreuse qui peut aménager une salle à manger et équipé par plaque, hotte aspirante et f...",https://www.mubawab-media.com/ad/8/300/917F/h/447303fa-087e-4af9-82df-88dee1f353ee_81941789.avif
250 000 TND,Un étage de villa destiner pour la vente,"Route Manzel Chaker, Sfax Ville","['220 m²', '1 Pièce', '4 Chambres', '2 Salles de bains']","['Jardin', 'Terrasse', 'Garage', 'Piscine', 'Chambre rangement']","Cet étage S4, doté d’une entrée indépendante, se distingue par sa spacieuse superficie et idéalement situé dans un quartier résidentiel chic, à la Route de Manzal Chaker, km 5.

Il s’ouvre sur un espace de vie convivial et lumineux, bénéficiant d’une excellente orientation qui garantit un ensoleillement optimal.

L’espace nuit comprend une suite parentale ainsi que trois chambres à coucher, desservies par une salle de bain commune.

La cuis...",https://www.mubawab-media.com/ad/8/099/409F/h/Gemini_Generated_Image_ha3izha3izha3izh_82231771.avif
205 000 TND,"A vendre, un appartement s2","Route sokra, Sfax Ville","['110 m²', '1 Pièce', '2 Chambres', '1 Salle de bain']","['Ascenseur', 'Chauffage central', 'Sécurité', 'Porte blindée', 'Cuisine équipée', 'Four']","Cet appartement S2 est situé dans une résidence sécurisée à route soukra km 2.

L’entrée dépend d’une pièce de vie lumineux qui s’ouvre sur un balcon.

Le compartiment nuit se compose de deux chambres à coucher qui se partagent une salle de bain commune.

La cuisine est équipée par les éléments de rangement, une plaque, une hotte et un four électrique.

Une place de parking est disponible",https://www.mubawab-media.com/ad/8/322/193F/h/thumb_1299181_property_xlarge_82162647.avif
450 000 TND,Villa inachevé destiner pour la vente,"Route Manzel Chaker, Sfax Ville","['919 m²', '3 Pièces', '4 Chambres', '3 Salles de bains']","['Terrasse', 'Garage', 'Ascenseur', 'Concierge', 'Climatisation', 'Chauffage central', 'Sécurité', 'Double vitrage', 'Porte blindée', 'Cuisine équipée']","Villa inachevée sur deux niveaux, nichée dans un quartier résidentiel prisé et paisible, à la route Manzel Chaker km 3,5.

Elle est érigée sur un terrain d’une superficie de 919 m² avec une superficie couverte de 500 m².

Le rez-de-chaussée se compose d’une pièce de vie comprenant un salon et un séjour, bénéficiant d’une orientation Est et Sud, offrant une belle luminosité naturelle.

La partie jour est complétée par une kitchenette pratiqu...",https://www.mubawab-media.com/ad/8/316/889F/h/gallery_82109311.avif
230 000 TND,S3 de 147 m² à vendre à Sfax Sud,"Sfax Sud, Sfax Sud","['147 m²', '4 Pièces', '3 Chambres', '2 Salles de bains']","['Garage', 'Chauffage central', 'Sécurité', 'Cuisine équipée', 'Four']","Cet appartement S3 est situé dans un quartier calme, sur la route de Mharza, km 3.

À l’entrée, vous découvrirez un salon lumineux, bénéficiant d’une orientation privilégiée.

La cuisine, entièrement équipée avec des rangements fonctionnels ( plaque , hotte ).

L’appartement est également équipé du gaz de ville pour votre confort.

Le compartiment nuit se compose d’une suite parentale et de deux chambres à coucher qui se partagent une sal...",https://www.mubawab-media.com/ad/8/314/742F/h/1000018846_82086831.avif
Prix à consulter,0% Commission / A vendre un Appartement s2 à Sfax,"Sfax Ville, Sfax Ville","['113 m²', '3 Pièces', '2 Chambres', '1 Salle de bain']","['Jardin', 'Chambre rangement', 'Chauffage central', 'Sécurité']","Découvrez l'Appartement A6-3, une alliance parfaite entre espace et fonctionnalité, idéalement conçu pour ceux qui recherchent la qualité de vie ou un investissement locatif stratégique.

Les points forts de ce bien :
•	 Type : S2 spacieux et lumineux.
•	 Superficie : 113 m² parfaitement agencés.
•	Le ""Plus"" : Un balcon privé pour vos moments de détente.
•	 Commodité : Place de parking dédiée (un atout majeur en zone urbaine).

Que vous s...",https://www.mubawab-media.com/ad/8/310/456F/h/20260228_072754_82039419.avif
470 000 TND,Villa à Vendre à Route Manzel cheker km3,"Route El Ain, Sfax Ville","['380 m²', '8 Pièces', '5 Chambres', '3 Salles de bains']","['Terrasse', 'Sécurité']","Villa à Vendre entre Route Ain et Route Manzel cheker km3.
Surface Terrain : 1314m²
Façade : 27m sur voie de 10m
Zone de villa, à 100m du route manzel cheker (MG)
titre arabe
Proche de toutes commodités, STEG , SONEDE, GAS, ONAS",https://www.mubawab-media.com/ad/8/295/329F/h/gallery_81881196.avif
120 000 TND,Terrain d'une vielle maison à vendre sfax,"Caid Mhamed, Sfax Ville","['350 m²', '5 Pièces', '5 Chambres', '1 Salle de bain']","['Terrasse', 'Garage', 'Sécurité']","A VENDRE VIEILLE MAISON NON VALABLE POUR HABITATION SUR TERRAIN 350 METRE CARREE PAPIER ARABE EN REGLE POUR BATIR UN IMMEUBLE...
ET VALABLE AUPRES DES BANQUES...
ROUTE KAID MOHAMED A 1KILOMETRE DU CENTRE VILLE RUE TAHEUR HADDAD SFAX
PRIX A DISCUTER 120000DINARS",https://www.mubawab-media.com/ad/8/307/441F/h/gallery_82008114.avif
370 000 TND,S3 en vente,"Route gremda, Sfax Ville",['147 m²'],['Garage'],"Cet appartement S3 directe promoteur, est situé dans une résidence sécurisée à Gremda.L’entrée dépend d’une pièce de vie lumineuse grâce à ses baies vitrées.Le compartiment nuit se compose d’une suite parentale avec son propre dressing et une salle de douche.Deux chambres à coucher qui se partagent une salle de bain commune.Une cuisine équipée par plaque, hotte aspirante et four électrique.L’appartement est équipé par chauffage centrale.Une place...",https://www.mubawab-media.com/ad/8/305/937F/h/thumb_1281355_property_xlarge_81992571.avif
480 000 TND,Belle villa,"Merkez Chaabouni, Sfax Sud","['300 m²', '9 Pièces', '5 Chambres', '2 Salles de bains']","['Jardin', 'Meublé', 'Antenne parabolique', 'Climatisation', 'Double vitrage']","opportunité rare proposée directement par le propriétaire, sans intermédiaire. une demeure spacieuse et robuste, idéale pour une famille.

localisation : route menzel chaker, km 6.5. a seulement 500 mètres de la route principale.

caractéristiques techniques :

surface du terrain : 900 m2

surface couverte : 300 m2

composition : bloc de nuit (3 chambres  salle de bain)  grand salon  séjour  salle d'eau  grande cuisine  extension cuisin...",https://www.mubawab-media.com/ad/8/298/415F/h/1000016446_81916690.avif
80 000 TND,Appartement S2 A vendre,"Oued Chaabouni, Sfax Ouest","['80 m²', '3 Pièces', '2 Chambres', '1 Salle de bain']","['Garage', 'Chauffage central']","Appartement S2 au 3eme étage sans ascenseur a vendre , route aéroport Km 4, cité ennour. Prés de toute commodité  dans un emplacement stratégique et une zone très calme.
Surface : 80m2
Titre bleu
Prix : 80 000 DT
Contactez moi par message ou sur",https://www.mubawab-media.com/ad/8/298/405F/h/1000008280_81916592.avif
150 000 TND,S1 en vente,"Route Teniour, Sfax Ville",['53 m²'],[],Cet appartement S1 est situé au rez-de-chaussée dans une résidence sécurisé à route de Taniour km 2.5.Il se compose d’un salon avec une cuisine américaine.Une chambre à coucher qui s’ouvre sur une terrasse commun avec le salon et une salle de douche,https://www.mubawab-media.com/ad/8/295/710F/h/photo_00_81885850.avif
165 000 TND,S2 en vente,"Route gremda, Sfax Ville",['77 m²'],[],Cet appartement S2 est situé dans une résidence sécurisée à Gremda km4.5.L’entrée dépend d’un salon.Le compartiment nuit se compose de deux chambres à coucher dont une chambre a un dressing et s’ouvre sur un balcon.Une kitchenette est équipée par un élément de rangement et plaqueUn point d’eau.Une place parking sous-sol et cellier sont disponible,https://www.mubawab-media.com/ad/8/295/544F/h/1000014378_81883410.avif
135 000 TND,"Maison à vendre Route gremda km 2,5","Route gremda, Sfax Ville","['231 m²', '1 Pièce', '3 Chambres', '1 Salle de bain']",[],"* Deux entrées : par la rue Chaâbouni ou la rue de la mosquée Bou Chaâla  
* Titre : acte arabe  
* Superficie du terrain : 231,8 m²  

* - Surface bâtie : 120 m
* ⁠ 3 chambres

Prix : 135 000 DT",
Prix à consulter,Villa à vendre route sidi Mansour km 8,"Sidi Mansour, Sfax Ville","['320 m²', '6 Pièces', '4 Chambres', '3 Salles de bains']",[],"En exclusivité 2026 
 Opportunité d'#achat
L'agence ilyne Immobilier #sfax met a votre disposition une belle villa 
Route sidi Mansour km 8
Cartier calm et résidentiel 
 Superficie terrain : 1100m2
 Superficie couvert : 320 m2
3 chambres a coucher plus salle de bain 
Salon  séjour  salon de thé 
Cuisine équipé par delta cuisine  coin repas
Suite parentale avec salle d'eau WC équipé par une douche e hydro masseur
Une autre partie de ser...",
Prix à consulter,Appartement s3,"Sfax Ville, Sfax Ville","['106 m²', '4 Pièces', '4 Chambres', '2 Salles de bains']",[],"ILYNE immobilier  
Propose 
A VENDRE 
 pour usage personnel ou professionnel 
 Appartement haut standing S3  
Surface:106 m2
Lieu: Rue 14 janvier ou 7 novembre 
Prix: 210 MD négociable 
22 402 823 
 57297960",
Prix à consulter,"Villa de luxe à vendre dans le quartier de Riyad, route de M...","Cité El Habib, Sfax Ouest","['510 m²', '3 Chambres', '1 Salle de bain']",[],"Villa confortable à vendre encore neuve. 3 chambres à coucher, 1 salle de bain, salon et cuisine grande, 510 mètres carrés. Dans un endroit calme et beau 

Cette villa de luxe à vendre dans le quartier de Riyad. Un endroit rempli de villas.

Soyez le premier à visiter cette villa proposée à la vente avec un espace vert. Un endroit pour garer une voiture. Et climatisation. (Énergie solaire pour ceux qui le souhaitent) Ne manquez pas cette opportun...",
470 000 TND,S3 en vente,"Route gremda, Sfax Ville",['187 m²'],"['Terrasse', 'Garage', 'Chauffage central', 'Cuisine équipée']",Cet appartement S3 est situé dans un quartier chic et calme à route de Bouzayen km 3.5 Sfax.A l’entrée on trouve une pièce de vie lumineuse grâce à ses baies virées qui s’ouvre sur une terrasse.Une cuisine équipée par des éléments de rangement et un point d’eau pour invité complète la partie jour.Le compartiment nuit se compose d’une suite parentale et de deux chambres à coucher qui se partagent une salle de bain commune.L’appartement est équipé...,
315 000 TND,S4 en vente,"Route Teniour, Sfax Ville",['203 m²'],"['Terrasse', 'Garage', 'Chauffage central', 'Sécurité', 'Four']","Cet appartement S4 est situé dans une résidence sécurisée et calme à route Taniour km6.L’entrée dépend d’un salon volumineux qui peut aménager un salon.Un séjour et un point d’eau pour invité et un terrasse complète la partie jour.Le compartiment nuit se compose de trois chambres à coucher dont une chambre avec une terrasse qui se partagent une salle de bain.La cuisine est équipée par plaque, hotte aspirante,et four électrique, aménagée par les é...",
360 000 TND,À vendre 2 maisons studio Route El Ain km 4,"Route El Ain, Sfax Ville","['520 m²', '5 Pièces', '4 Chambres', '3 Salles de bains']","['Jardin', 'Piscine']","À vendre – 2 maisons  studio Adresse : Route El Ain, km 4, 
70m de la route principale. 
superficie :520m
superficie habitable :460m
à côté de la Pharmacie Amouri. Idéal pour habitation,  atelier ou projet locatif.
1 maisons prêtes à habiter :
• Salon / Séjour
• 2 chambres
• Bloc sanitaire et cuisine 
• Véranda
• extérieur aménagé avec une petite piscine. 
.mejel 
Maison ouverte sans séparation avec accès indépendant 
Studio avec poi...",
815 000 TND,Villa à vendre – Bouzayen km 8 route principale,"Route Bouzayyen, Sfax Ville","['906 m²', '1 Pièce', '3 Chambres', '2 Salles de bains']","['Garage', 'Piscine']","Villa à vendre – Bouzayen km 8 (route principale) 
Villa en cours de construction, idéalement située à Bouzayen km 8, directement sur la route principale. Elle est édifiée sur un terrain de 906 m² avec une superficie couverte de 500 m².
prix:  815000 dt 
La propriété bénéficie d’un accès secondaire à l’arrière par une voie de 8 mètres, offrant un réel avantage en termes de praticité 
La construction, encore inachevée, permet de finaliser les...",https://www.mubawab-media.com/ad/8/286/779F/h/thumb_1239912_property_xlarge_81788620.avif
445 000 TND,"Villa de charme, vue mer","Route Saltnia, Sfax Ville","['1356 m²', '1 Pièce', '3 Chambres', '3 Salles de bains']","['Jardin', 'Garage', 'Vue sur mer', 'Piscine', 'Sécurité', 'Cuisine équipée']","Villa de charme à vendre – Saltania km 18, Kantri Plage

À seulement 1,5 km de la route goudronnée
À 1,5 km du port de pêche Awebed – Sidi Mansour
Titre foncier

Villa 290m² couvets en deuxième position avec une vue mer dégagée

Édifiée sur un vaste terrain 1356m² paysagé, la propriété dispose de :
  Piscine 4 m x 9 m avec cascade
  Un salon spacieux
 Une cuisine équipée
  Deux chambres à coucher
  Une suite parentale
tous les misch...",https://www.mubawab-media.com/ad/8/288/581F/h/thumb_1262262_property_xlarge_81807324.avif
159 000 TND,Appartement S2 à vendre – Route Soukra km 2,"Route sokra, Sfax Ville","['105 m²', '1 Pièce', '2 Chambres', '1 Salle de bain']","['Terrasse', 'Garage', 'Ascenseur', 'Sécurité']","Appartement S2 à vendre – Route Soukra km 2
Surface totale : 105 m²
Surface habitable : 78 m²
Titre foncier individuel
4ᵉ et dernier étage
Très lumineux – toutes les pièces ainsi que la cuisine sont 9obliya
Balcon dans la chambre à coucher
Balcon fi cuisine
Salle de bain
Place de parking couverte (10 DT/mois)
Ascenseur
Caméras de surveillance
Accès sécurisé par badge
Résidence calme et bien située
Prix : 159 000 DT",https://www.mubawab-media.com/ad/8/288/680F/h/thumb_1262624_property_xlarge_81808380.avif
Prix à consulter,"Villa à vendre – Sidi Mansour, Sfax 
KLM 4","Sidi Mansour, Sfax Ville","['192 m²', '3 Pièces', '3 Chambres', '1 Salle de bain']","['Jardin', 'Terrasse', 'Garage']","Superbe villa individuelle à vendre située dans le quartier prisé de Sidi Mansour (KLM 4) à Sfax, dans un environnement calme et résidentiel.
3 chambres spacieuses avec lumière naturelle
• Salon convivial idéal pour recevoir
• Cuisine bien aménagée
• Salle de bains moderne
• Surface généreuse offrant confort et fonctionnalité
• Beau jardin / espace extérieur (si applicable)
Villa située dans une zone recherchée de Sidi Mansour, à proximité des co...",https://www.mubawab-media.com/ad/8/288/253F/h/1000066872_81804047.avif
625 000 TND,Villa individuelle en vente,"Route gremda, Sfax Ville",['770 m²'],"['Jardin', 'Garage']",Cette une  villa S5 est située dans un quartier chic entre Gremda et Kaied Mhamed km 2.5Elle est érigée sur un terrain de superficie 740m².L’entrée dépend d’une pièce de vie volumineuse qui peut aménager un double salon qui s’ouvre sur le jardin.Un séjour et un point d’eau pour inviter complète la partie jour.Le compartiment nuit se compose d’une suite parentale avec une salle de douche et de trois chambres à coucher dont chaque chambre équipée p...,https://www.mubawab-media.com/ad/8/287/973F/h/gallery_81800943.avif
Prix à consulter,Villa a vendre route sokra,"Sfax Sud, Sfax Sud","['442 m²', '7 Pièces', '5 Chambres', '3 Salles de bains']","['Jardin', 'Garage', 'Chambre rangement', 'Sécurité']","Villa a route sonra km 4 cité essaada
Garage
Jardin
5 chambre
3 salles de bain
Caméras de surveillance
Zone calme et sécurisée",https://www.mubawab-media.com/ad/8/284/882F/h/43314_81768437.avif
Prix à consulter,Appartement S0,"Sfax Ville, Sfax Ville","['37 m²', '1 Pièce', '1 Chambre', '1 Salle de bain']","['Garage', 'Ascenseur', 'Climatisation', 'Chauffage central', 'Double vitrage']","Appartement S0 
superficie couverte : 37 m2
Prix demandé :100 000,000D",https://www.mubawab-media.com/ad/8/273/842F/h/thumb_1229073_property_xlarge_81649743.avif
Prix à consulter,Villa à louer 1110m² à route gabes km 2.5,"Route de Gabes, Sfax Ville","['1110 m²', '1 Pièce', '9 Chambres', '2 Salles de bains']","['Jardin', 'Terrasse', 'Garage', 'Chambre rangement', 'Antenne parabolique', 'Chauffage central']","Villa à louer à usage commercial à route gabes km 2.5 à droite Rue de l'environnement
surface terrain: 1110m²
surface batie: 450m²
se compose de :2 hall9 chambres a couchercuisinesalle de bainsalle de douche2 garagespuits
michelair électrique 
prix 2800dt",https://www.mubawab-media.com/ad/8/273/813F/h/1000006753_81649195.avif
1 440 000 TND,Villa à vendre,"Route de Tunis, Sfax Ville","['500 m²', '4 Pièces', '5 Chambres', '2 Salles de bains']","['Terrasse', 'Garage', 'Piscine']",je mets en vente une villa dans un emplacement stratégique et près de toutes commodités route de Tunis km 2.5,https://www.mubawab-media.com/ad/8/250/949F/h/gallery_81395078.avif
830 000 TND,Villa individuelle en vente,"Route Lafrane, Sfax Ville",['900 m²'],"['Garage', 'Ascenseur', 'Concierge', 'Meublé', 'Façade extérieure', 'Antenne parabolique', 'Climatisation', 'Sécurité', 'Porte blindée', 'Cuisine équipée', 'Réfrigérateur']","Cette villa S4 inachevée en stade avancé est située dans un emplacement stratégique a route Lafrane km 4.Elle est érigée sur un terrain de 900m².La structure principale est déjà en place, offrant la possibilité de personnaliser les finitions selon le besoin.Au rez-de-chaussée on trouve un salon, un séjour, qui s’ouvrent sur la piscine, une chambre d’amis, un point d’eau pour invité. Une cuisine ouverte sur un garage complète la partie jour.A l’ét...",https://www.mubawab-media.com/ad/8/271/468F/h/inbound2867089073681508869_81624319.avif
Prix à consulter,Un bon appartement a vendre pour habiter ou invest,"Sfax El Jadida, Sfax Ville","['80 m²', '3 Pièces', '2 Chambres', '1 Salle de bain']","['Jardin', 'Double vitrage']","un bon appartement a vendre pour habiter ou investir
PRIX 165 milles legerement negociable",https://www.mubawab-media.com/ad/8/268/890F/h/thumb_1223077_property_xlarge_81596902.avif
180 000 TND,Route gremda klm 1.5,"Route gremda, Sfax Ville","['1300 m²', '1 Pièce', '3 Chambres', '1 Salle de bain']","['Garage', 'Four']","Maison à vendre – Route de Garmada, km 1,5
 Superficie du terrain : 1 300 m² Surface habitable : 100 m²
 Situation : À environ 200 mètres de la route principale, à proximité de l’école Ain Sheikh Rouhou",https://www.mubawab-media.com/ad/8/266/511F/h/gallery_81572320.avif
580 000 TND,Villa individuelle en vente,"Bouzayen, Sfax Ville",['661 m²'],"['Jardin', 'Concierge']",Cette villa S4 est situé dans un quartier chic à Bouzayen km 4.5.L’entrée dépend d’une pièce de vie volumineuse qui peut aménager un salon.Un séjour et un point d’eau pour invité complète la partie jour.Une cuisine généreuse peut aménager une salle à manger équipé par une plaque et un four.Le compartiment nuit se compose de trois chambres à coucher dont deux chambres peuvent aménager un dressing qui se partagent une salle de bain commune.Un garag...,https://www.mubawab-media.com/ad/8/264/906F/h/thumb_1087627_property_xlarge_81551409.avif
695 000 TND,Borj à vendre à route el Ain km 6.5,"Route El Ain, Sfax Ville","['1769 m²', '3 Pièces', '3 Chambres', '1 Salle de bain']","['Jardin', 'Terrasse', 'Garage']","Borj à vendre à route el Ain km 6.5 zanka kahla
500m goudronnée 
surface terrain 1796m²
surface batie 400m²
lotissement approuvé
façade de 45 sur voies de 10m
3 chambreshallskifasalongaragemajel
titre arabe",https://www.mubawab-media.com/ad/8/264/873F/h/thumb_781769_property_xlarge_81551179.avif
210 000 TND,À vendre appartement 1er à route el ain km 2.5,"Route El Ain, Sfax Ville","['170 m²', '3 Pièces', '2 Chambres', '1 Salle de bain']","['Jardin', 'Garage']","à vendre appartement 1er étage s3 situé à route el ain km 2.5,zanket hsairi
200m de la route principale
surface :170m²
S3 dont une suite parentale avec ( salle de bain)
 Deux chambres dont une avec des éléments de rangement
Cuisine spacieuse et bien équipée avec séchoir 
salon spacieux avec vue panoramique
Hall peut servir à une salle à manger
salle d'eau
 dans un quartier résidentiel calme",https://www.mubawab-media.com/ad/8/264/581F/h/thumb_1151883_property_xlarge_81548326.avif
650 000 TND,Villa à vendre à route saltnia km 6 قصاص بوعلي,"Route Saltnia, Sfax Ville","['1250 m²', '2 Pièces', '5 Chambres', '2 Salles de bains']","['Jardin', 'Terrasse', 'Garage']","villa à vendre à route saltnia km 6 قصاص بوعلي
Titre arabe
50m de la route principale
Surface terrain 1250m²
Surface bâtie: 450m²
se compose: hall d'entrée- salon-séjour-salle à manger-cuisine-garage avec kitchinette-salle de bain  studio 
à l'étage suite parentale (dressing, bureau, salle de bain) salle de douche2 chambres à coucher
façade 35m sur voie 14m",https://www.mubawab-media.com/ad/8/263/737F/h/thumb_1159779_property_xlarge_81536766.avif
710 000 TND,Deux villas 829 m² R4 à route teniour km1.5,"Route Teniour, Sfax Ville","['829 m²', '1 Pièce', '3 Chambres', '1 Salle de bain']","['Terrasse', 'Garage', 'Sécurité', 'Four']","Deux villas à vendre R4, Titre foncier 829m²
Route teniour km 1.5 directement sur la route principale Un autre façade (قصاص شعبان)
Deux entrée indépendante RDC et 1er: 3 chambres à coucher, suite parentale(dressing salle de bain), doubles salon, cuisine, séjour, salle à manger, salle de bain ,Staff ,marbre ,2 jardin séparer garage ,Emplacement stratégique ,Proche de toutes commodités
Prix: 710000 DT",https://www.mubawab-media.com/ad/8/262/688F/h/thumb_1204830_property_xlarge_81525459.avif
275 000 TND,Maison à route el Ain km7.5,"Route El Ain, Sfax Ville","['711 m²', '1 Pièce', '3 Chambres', '1 Salle de bain']","['Garage', 'Chauffage central', 'Sécurité', 'Four', 'Machine à laver', 'Micro-ondes']","Maison à route el Ain km7.5, 50m à droite de la route principale.
711m², façade 9obliya 24m à Markez Aloulou.
Zone R2 aménager.
Titre Arabe
Idéal pour jardin d'enfant ou habitation, à 100m de l'école primaire Markez Aloulou",https://www.mubawab-media.com/ad/8/261/258F/h/gallery_81504930.avif
320 000 TND,S2 en vente,"Route gremda, Sfax Ville",['123 m²'],"['Terrasse', 'Garage', 'Ascenseur', 'Concierge', 'Façade extérieure', 'Climatisation', 'Chauffage central', 'Porte blindée', 'Cuisine équipée']","Cet appartement S2 directe promoteur est situé dans une résidence sécurisée à Gremda.L’entrée dépend d’une pièce de vie lumineux grâce a ses baies vitrées qui s’ouvre sur un balcon.Le compartiment nuit se compose de deux chambres à coucher dont une chambre avec un dressing qui se partagent une salle de bain commune.Un point d’eau pour invité est disponible.La cuisine est équipée par les éléments de rangement, une plaque, une hotte aspirante et un...",https://www.mubawab-media.com/ad/8/255/397F/h/gallery_81440682.avif
345 000 TND,S4 en vente,"Route gremda, Sfax Ville",['220 m²'],"['Terrasse', 'Garage', 'Chauffage central', 'Sécurité', 'Four']",Cet appartement S4 est situé dans une résidence sécurisée et calme à route Gremda Km7.A l’entrée on trouve une pièce de vie généreuse qui peut aménager un double salon et baignée de lumière grâce à ses baies vitrées.Un séjour et un point d’eau pour invité complète la partie jour.Le compartiment nuit se compose d’une suite parentale avec sa propre salle de bain.Deux autres suites chacune avec son propre dressing et salle de douche.La cuisine est é...,https://www.mubawab-media.com/ad/8/251/690F/h/1f68aac7-1313-4101-8cea-1efd8cd26178_81402606.avif
Prix à consulter,"2 maisons  
1 studio à vendre à Hay El Bahri 
3","Cité El Bahri, Sfax Ouest","['120 m²', '7 Pièces', '5 Chambres', '3 Salles de bains']","['Garage', 'Ascenseur', 'Climatisation', 'Chauffage central', 'Cuisine équipée', 'Four', 'Micro-ondes']","Deux maisons  un studio à vendre à Hay El Bahri 3.

Vous pouvez soit les acheter pour y habiter,
soit les mettre en location et générer un revenu mensuel (potentiel de plus de 1000 DT / mois).

Le quartier est calme, sécurisé et proche d’une école primaire",https://www.mubawab-media.com/ad/8/249/878F/h/1000007681_81384255.avif
Prix à consulter,Appartement S3 à vendre,"Route de Tunis, Sfax Ville","['190 m²', '5 Pièces', '1 Chambre', '2 Salles de bains']","['Terrasse', 'Entre-seul']","À vendre, un appartement haut standing situé dans un immeuble récent (construction 2022), sur la route de Tunis km 1,5 – emplacement recherché, proche de toutes commodités.
Caractéristiques de l’appartement :
• Superficie : [à préciser si vous la connaissez]
• Type : S3
• Deux chambres à coucher
• Une suite parentale avec salle de bain privative
• Cuisine moderne équipée avec une petite chambre de rangement attenante
• Salon spacieux et lumineux
...",https://www.mubawab-media.com/ad/8/245/685F/h/gallery_81342248.avif
555 000 TND,S3 en vente,"Route gremda, Sfax Ville",['239 m²'],"['Terrasse', 'Sécurité']","Cet appartement S4 directe promoteur, est situé dans une résidence sécurisée à Gremda.L’entrée dépend d’une pièce de vie généreuse qui peut aménager double salon et lumineuse grâce à son ouverture sur un terrasse de superficie 66m².Le compartiment nuit se compose d’une suite parentale avec son propre dressing et une salle de douche qui s'ouvre sur la terrasse.Deux chambres à coucher dont chaque chambre avec son propre dressing et s’ouvre sur un b...",https://www.mubawab-media.com/ad/8/244/967F/h/gallery_81334430.avif
Prix à consulter,"Vente d'un bel appartement à Route Teniour. 
5 belles chambr...","Route Teniour, Sfax Ville","['181 m²', '5 Chambres', '2 Salles de bains']","['Garage', 'Ascenseur', 'Concierge', 'Sécurité', 'Cuisine équipée']","Faites une belle affaire en achetant cet appartement. 5 chambres, 2 salles de bains, superficie 181 m². 4ème étage. Moins de 20 ans. Revêtement: Marbre.

Venez découvrir cet appartement à vendre à Route Teniour. Climatisation. Ascenseur dans la résidence.

Soyez le premier à visiter cet appartement en vente. Micro-ondes. Chauffage central. Cuisine entièrement équipée",https://www.mubawab-media.com/ad/8/243/560F/h/WhatsApp%20Image%202025-10-29%20at%2015.42.45%20%281%29_81318048.avif
Prix à consulter,Vente maison à Sfax Sud. 2 pièces confortables. Terrasse,"Sfax Sud, Sfax Sud","['75 m²', '2 Pièces', '4 Chambres', '2 Salles de bains']","['Jardin', 'Antenne parabolique', 'Climatisation']","Faites une belle affaire avec cette maison à la vente. 4 chambres, 2 salles de bains, 75 m². 2 pièces. Moins de 50 ans. Type de sol: Carrelage.

Venez découvrir cette maison à vendre à Sfax Sud, Sfax Sud. Superbe terrasse",https://www.mubawab-media.com/ad/8/240/087F/h/photo_0_81283518.avif
215 000 TND,S2 en vente,"Route gremda, Sfax Ville",['120 m²'],"['Jardin', 'Antenne parabolique']",Cet appartement S2 est situé dans une résidence sécurisée à Gremda km2.5.L’entrée dépend d’une pièce de vie généreuse qui peut aménager un salon et une salle à manger.Le compartiment nuit se compose de deux chambres à coucher dont une chambre s’ouvre sur un balcon.La cuisine est équipée par des éléments de rangement et s’ouvre sur un séchoir,https://www.mubawab-media.com/ad/8/235/432F/h/20250831_130902_81235743.avif
195 000 TND,"Appartement S4, situé dans un bon quartier","Sfax Ville, Sfax Ville","['110 m²', '6 Pièces', '4 Chambres', '1 Salle de bain']",[],"Je mets en vente un bel appartement S4, situé dans le quartier Diar Wafa bloc c 5 eme etage , à Avenue Majida Boulila – Sfax.
Emplacement idéal, à proximité de la Faculté de Médecine et de l’Hôpital Habib Bourguiba.
Excellente orientation (Charki/Kebli) assurant une bonne luminosité et une agréable aération.
Parking gardé, avec portail commandé à distance.
Situé dans une résidence très calme et sécurisée.
Immeuble équipé d’un ascenseur en bon éta...",https://www.mubawab-media.com/ad/8/231/516F/h/1000010918_81195604.avif
Prix à consulter,Maison de haut standing à vendre à Sfax Sud. 3 chambres agré...,"Sfax Sud, Sfax Sud","['510 m²', '3 Chambres', '1 Salle de bain']",[],"Raffinement et confort pour cette villa à vendre. 3 chambres, 1 salle de bains, surface 510 m². Moins de 5 ans. Revêtement: Carrelage.

Cette belle villa est en vente à Sfax Sud, Sfax Sud. Air conditionné. Antenne parabolique",
125 000 TND,"Vente Appartement, Avenue Habib Bourguiba, Sfax","Sfax Ville, Sfax Ville","['93 m²', '5 Pièces', '3 Chambres', '1 Salle de bain']",[],"Vente Appartement sur l'avenue Habib bourguiba, béb bhar, sfax. S3, 2ème etage",
110 000 TND,Etage de villa en vente,"Route gremda, Sfax Ville",['76 m²'],"['Jardin', 'Terrasse', 'Garage']","Cet étage S1 avec entré indépendante est situé sur la route principale de Gremda km5.Il est composé d’un salon, une chambre à coucher, une cuisine et une salle de douche",
Prix à consulter,À VENDRE – Villa S4,"Sfax Sud, Sfax Sud","['750 m²', '2 Pièces', '4 Chambres', '3 Salles de bains']","['Terrasse', 'Ascenseur', 'Concierge', 'Façade extérieure', 'Antenne parabolique', 'Chauffage central', 'Sécurité', 'Double vitrage', 'Cuisine équipée']","Superficie totale : 750 m²

Surface bâtie : 330 m²

Description :
Villa inachevée offrant la possibilité de finaliser les travaux selon vos goûts et vos besoins.
Équipée d’un système photovoltaïque permettant de produire votre propre électricité et de réduire considérablement vos factures.

Composition :

Salon

Séjour

Cuisine

Suite parentale avec salle d’eau

3 chambres à coucher

Salle d’eau commune

Garage

Contact :",
265 000 TND,Appartement a bouzaine km5.5,"Merkez Kamoun, Sfax Sud","['114 m²', '1 Pièce', '2 Chambres', '2 Salles de bains']","['Jardin', 'Terrasse', 'Climatisation', 'Cuisine équipée']","Bel appartement lumineux et sans vis-à-vis, situé dans une résidence calme et sécurisée sur la route principale de Bouzayen. Il dispose d’un grand salon avec terrasse, d’une suite parentale avec balcon, d’une chambre, d’une cuisine neuve et de deux salles de bain modernes. Équipements de qualité : domotique, double vitrage, chauffage central, chaudière neuve",
125 000 TND,Maison traditionelle dans l'ancienne ville de Sfax,"Bab El Jebli, Sfax Ville","['300 m²', '6 Pièces', '4 Chambres', '1 Salle de bain']","['Terrasse', 'Garage', 'Ascenseur', 'Concierge', 'Façade extérieure', 'Antenne parabolique', 'Climatisation', 'Double vitrage', 'Cuisine équipée', 'Four']","Une maison composée d'un hall et d'un rez-de-chaussée avec deux pièces, un lit arabe, une cuisine, une douche et des toilettes au milieu de la maison, ainsi qu'un hangar. Le deuxième étage comprend deux pièces, puis un escalier, un toit et un grand toit couvrant toute la maison sans partenaire",https://www.mubawab-media.com/ad/8/213/439F/h/IMG-20250823-WA0001_80999745.avif
650 000 TND,A vendre une villa à route de soukra,"Route sokra, Sfax Ville","['714 m²', '5 Chambres', '2 Salles de bains']",['Jardin'],"A vendre une villa s5 à route de soukra km 1 
Terrain 714 m²
Batit 460 m²
La villa se compose d'un grand salon ,séjour, cuisine équipée, salle à manger,  quatre chambres et deux salle de bain",https://www.mubawab-media.com/ad/8/158/111F/h/photo_00_80439589.avif
227 000 TND,Appartement s 2 au 1er étage sfax eljadida,"Sfax El Jadida, Sfax Ville","['113 m²', '3 Pièces', '2 Chambres', '2 Salles de bains']","['Jardin', 'Terrasse', 'Garage', 'Chambre rangement', 'Entre-seul', 'Antenne parabolique', 'Climatisation', 'Cuisine équipée']","Appartement lumineux et spacieux situé au premier étage de l’immeuble La Perla 2, dans le quartier dynamique de Sfax Eljadida. Il se compose d’un grand salon, de deux chambres (avec double vitrage), d’une cuisine entièrement équipée (plaque et four en verre, hotte, osmeuse, climatiseurs...), de deux salles de bain et d’un balcon.
Surface vendable 113 m2
Titre foncier
Cet appartement a été conçu pour convenir aussi bien à une habitation confortabl...",https://www.mubawab-media.com/ad/8/191/339F/h/WhatsApp%20Image%202025-08-07%20at%2014.22.19_8a8c7e54_80821995.avif
340 000 TND,Villa Idéale pour Famille_Bien Située à Sfax,"Route Lafrane, Sfax Ville","['167 m²', '6 Pièces', '3 Chambres', '1 Salle de bain']","['Jardin', 'Terrasse', 'Garage', 'Piscine', 'Chambre rangement', 'Entre-seul', 'Chauffage central', 'Sécurité', 'Double vitrage', 'Porte blindée', 'Cuisine équipée']","Villa à vendre – Route Lafrane Km 1.5 – Sfax
Surface terrain : 402 m²
Surface couverte : 167 m²
الملكية مسجلة ومثبتة رسميًا في السجل العقاري
Villa ancienne mais bien entretenue, située dans un quartier calme et stratégique, à seulement 1.5 km du centre-ville de Sfax.

Composition :
-->3 Chambres
-->1 Salon spacieux
--> Cuisine et salle d’eau
--> Cour/terrain autour de la maison

Emplacement idéal :
À proximité immédiate de plusieurs établissement...",https://www.mubawab-media.com/ad/8/189/198F/h/Villa%20el%20euch_80766478.avif
Prix à consulter,ÀVENDRE 2 villas adjacentes à Menzel Chaker km1.5,"Route Manzel Chaker, Sfax Ville","['340 m²', '2 Pièces', '6 Chambres', '2 Salles de bains']","['Jardin', 'Garage', 'Antenne parabolique', 'Climatisation', 'Double vitrage', 'Porte blindée', 'Cuisine équipée']","À VENDRE – Deux villas adjacentes à Menzel Chaker km 1,5 #Sfax Idéales pour famille élargie ou investissement

  Villa 1 - Surface: 150 m² bâtis  250 m² jardin arboré

 - Composition: 
    - 3 chambres à coucher climatisé 
    - Salon spacieux  cuisine équipée 
    - 1 salles de bain  2 séchoirs 
    - Grand garage

  Villa 2 - Surface bâtie: 190 m²  564 m² jardin

 - Composition: 
     - Salon spacieux  hall 
     - 3 chambres - 2...",https://www.mubawab-media.com/ad/8/183/063F/h/IMG_5254_80693359.avif
620 000 TND,Une superbe villa jamais habité,"Sidi Mansour, Sfax Ville","['320 m²', '1 Pièce', '5 Chambres', '3 Salles de bains']","['Terrasse', 'Garage', 'Ascenseur', 'Concierge', 'Façade extérieure', 'Chauffage central', 'Cuisine équipée']","A vendre une superbe villa jamais habité de deux étages dans un quartier résidentiel proche de toutes commodités à sidi Mansour.cette villa s'étend sur deux niveaux et nichée sur un terrain de 420m2 elle est entourée d'un gardin verdoyant et une vaste piscine.
Premier niveau:
-Un salon largement spacieux et lumineux vue piscine
-Une large cuisine
-une chambre à coucher avec dressing
-une salle d'eau
Deuxième niveau:
-Un salon lumineux (deux balco...",https://www.mubawab-media.com/ad/8/176/018F/h/IMG_9988_80622068.avif
Prix à consulter,"Très belle maison en vente à Route Manzel Chaker km 1,5","Route Manzel Chaker, Sfax Ville","['150 m²', '4 Chambres', '1 Salle de bain']","['Terrasse', 'Garage', 'Climatisation', 'Chauffage central', 'Sécurité', 'Double vitrage', 'Cuisine équipée']","À vendre - Maison spacieuse à Route Menzel
Chaker #Sfax
Située dans un quartier résidentiel calme, à seulement 1,5 km du #centre-ville, cette propriété allie espace et fonctionnalité.
*Caractéristiques principales :
- Superficie :
- Terrain/Jardin : 250 m2
- Surface bâtie : 150 m2
- Composition :
- 3 chambres à coucher confortables et climatisées (espaces lumineux et isolés)
- Salon spacieux
- Cuisine équipée
- 2 séchoirs pratiques
- Salles de ba...",https://www.mubawab-media.com/ad/8/170/308F/h/photo_00_80562868.avif
260 000 TND,"Appartement S3 Spacieux et Lumineux 
route mharza","Sfax Ouest, Sfax Ouest","['148 m²', '7 Pièces', '3 Chambres', '1 Salle de bain']","['Terrasse', 'Garage', 'Ascenseur', 'Concierge', 'Climatisation', 'Chauffage central', 'Sécurité', 'Double vitrage', 'Porte blindée', 'Cuisine équipée']","**À Vendre : Appartement S3 Spacieux et Lumineux** (Prix pour m²) 

Situé a route Mharza km4  a coté du Biat 

**Caractéristiques :**
- Superficie : 147,5 m²
- 2 chambres avec accès à un balcon
- 1 chambre sans accès à un balcon 
- Salon lumineux spacieux
- Cuisine équipée de rangement 
- Salle de bain moderne  salle d’eau
- Ascenseur dans l’immeuble

Prix : 1765.5 dinars/m² en TTC (toutes taxes comprises) 
Pour plus d’informations ou pour visite...",https://www.mubawab-media.com/ad/8/163/753F/h/IMG_3197_80497579.avif
Prix à consulter,0% Commission/ A vendre un Appartement à Sfax,"Sfax Ville, Sfax Ville","['105 m²', '1 Chambre', '1 Salle de bain']","['Terrasse', 'Garage', 'Ascenseur', 'Concierge', 'Façade extérieure', 'Chauffage central', 'Cuisine équipée']","Appartement A2-6
S1  balcon 
Superficie : 105 m2
Prix demandé : 255 626,000D",https://www.mubawab-media.com/ad/8/150/897F/h/IMG_1073_80356678.avif
Prix à consulter,Appartement A7 6,"Sfax Ville, Sfax Ville","['177 m²', '3 Pièces', '2 Chambres', '1 Salle de bain']",['Terrasse'],"Appartement A7-6
S3  balcon 
superficie : 177m2
Place de parking 
Prix demandé : 455.000,000D",https://www.mubawab-media.com/ad/8/140/046F/h/Messenger_creation_87F0A58F-7452-49A2-B566-345E21DF1730_80249904.avif
265 000 TND,Appartement S3 Spacieux et Lumineux,"Sfax Ville, Sfax Ville","['150 m²', '7 Pièces', '3 Chambres', '1 Salle de bain']","['Garage', 'Ascenseur', 'Chauffage central', 'Sécurité']","Situé a route Mharza km4  a coté du Biat 

**Caractéristiques :**
- Superficie : 150 m²
- 2 chambres avec accès à un balcon
- 1 chambre sans accès à un balcon
- Salon lumineux spacieux
- Cuisine équipée de rangement 
- Salle de bain moderne  salle d’eau
- Ascenseur dans l’immeuble

Prix : 1765.5 dinars/m² en TTC (toutes taxes comprises) 
Pour plus d’informations ou pour visiter, veuillez contacter",https://www.mubawab-media.com/ad/8/137/858F/h/Screenshot_20250506_145348_80227252.avif
70 000 TND,Appartement Diar El Hana,"Cité El Habib, Sfax Ouest","['54 m²', '2 Pièces', '1 Chambre', '1 Salle de bain']","['Terrasse', 'Garage']",A vendre appartement S1 2ème étage route de Mharza km 3 _ Diar El Hana _  Sfax,https://www.mubawab-media.com/ad/8/133/999F/h/IMG-20250430-WA0018_80189007.avif
Prix à consulter,Appartement à l'achat à Cité Sidi Abid. 10 belles chambres,"Cité Sidi Abid, Sfax Sud","['240 m²', '10 Pièces', '10 Chambres', '2 Salles de bains']","['Jardin', 'Terrasse', 'Garage', 'Entre-seul', 'Salon européen', 'Antenne parabolique', 'Climatisation']","Affaire à saisir pour cet appartement à vendre. 10 chambres, 2 salles de bains, surface 240 m². 10 pièces lumineuses. 2ème étage. Moins de 5 ans.

Cet appartement est en vente à Cité Sidi Abid, Sfax Sud",https://www.mubawab-media.com/ad/8/133/937F/h/Screenshot_20250430-134730_Facebook_80188261.avif
205 000 TND,A vendre Appartement a Sfax,"El Bousten, Sfax Ville","['160 m²', '4 Pièces', '3 Chambres', '1 Salle de bain']","['Jardin', 'Terrasse', 'Garage', 'Piscine', 'Concierge', 'Meublé', 'Climatisation', 'Chauffage central', 'Sécurité', 'Double vitrage', 'Cuisine équipée']","A vendre a Sfax a 5 minutes du centre ville et du bab jebli, appartement de 160 m2 au 1er étage comprenant : 3 ch  SSM  Cuisine  SB  Balcon  Grande Terrasse. Comprenant aussi des placards de rengement et les chambres sont spacieuses Prix 205 000 DT
Contact :",
Prix à consulter,Un Appartement S2 à vendre très bon état,"Route matar, Sfax Ville","['120 m²', '5 Pièces', '2 Chambres', '1 Salle de bain']",[],"A vendre un joli appartement s2 haut standing  
situe dans une immeuble ezayatine sfax ville a cote sorimex  
2 eme étage. Avec place parking. Assenceur  
camera de surveillance chauffage centrale",
Prix à consulter,Un Appartement S3 à vendre très bon état,"Route sokra, Sfax Ville","['145 m²', '6 Pièces', '3 Chambres', '1 Salle de bain']",[],"Adresse : Route Sokra km 3 Sfax

*Immeuble Ferdaws
*Surface 145 m2
*1er étage sans ascenseur
*Place parking sous-sol

*Les pièces:

*Grande salon
* Cuisine avec séchoir 
*Séjour
*Chambre d'enfants avec balcon
* Salle de bain invités
*Suite parentale avec salle d'eau

*Zone résidentielle très calme
Prix de vente 244.000 dt
Contact par Téléphone:",
450 000 TND,Vllla à vendre,"Sfax Sud, Sfax Sud","['220 m²', '6 Pièces', '4 Chambres', '2 Salles de bains']",[],Sur 530m2 villa de 190m2 avec garage et festikya,
